{"cameraMode":{"drawMode":0,"name":"Shaded","section":"Shading Mode"},"sceneLighting":false,"audioPlay":false,"sceneViewState":{"showFog":true,"showMaterialUpdate":false,"showSkybox":true,"showFlares":true,"showImageEffects":true,"showParticleSystems":true},"in2DMode":false,"pivot":{"x":-0.27427977323532107,"y":-0.7199835181236267,"z":0.0},"rotation":{"x":-0.08208415657281876,"y":0.20626279711723329,"z":-0.017366955056786538,"w":-0.9748929738998413},"size":9.37960147857666,"orthographic":true}